<?xml version="1.0" encoding="UTF-8"?>
<project-private xmlns="http://www.netbeans.org/ns/project-private/1">
    <editor-bookmarks xmlns="http://www.netbeans.org/ns/editor-bookmarks/2" lastBookmarkId="0"/>
    <open-files xmlns="http://www.netbeans.org/ns/projectui-open-files/2">
        <group>
            <file>file:/E:/xampp/htdocs/backend/project-expense-details.php</file>
            <file>file:/E:/xampp/htdocs/backend/project-expense.php</file>
            <file>file:/E:/xampp/htdocs/backend/css/customize.css</file>
            <file>file:/E:/xampp/htdocs/backend/side-bar.php</file>
            <file>file:/E:/xampp/htdocs/backend/project-income.php</file>
            <file>file:/E:/xampp/htdocs/backend/balance-sheet.php</file>
            <file>file:/E:/xampp/htdocs/backend/project-income-details.php</file>
            <file>file:/E:/xampp/htdocs/backend/expense-summery.php</file>
            <file>file:/E:/xampp/htdocs/backend/income-details.php</file>
            <file>file:/E:/xampp/htdocs/backend/income-summery.php</file>
            <file>file:/E:/xampp/htdocs/backend/expense-details.php</file>
        </group>
    </open-files>
</project-private>
